{
  "source": "http://tntisland.com/deptstores.html",
  "page_title": "Trinidad & Tobago Department Stores",
  "category": "shopping",
  "scraped_at": "2026-02-01",
  "data": [
    {
      "name": "Centre Of Excellence",
      "type": "department_store",
      "extra_info": "Macoya\nThe Rig Compound\nSan Fernando\nAnand Low Price Compound\nFyzabad\nAmerican Stores Ltd. The",
      "phone": [
        "624-7732"
      ],
      "address": "2-6 Duncan Street\nPort of Spain\n624-7732 (Tel)"
    },
    {
      "name": "55 Prince Street",
      "type": "department_store",
      "extra_info": "Port of Spain\n623-5284 (Tel)\n100 Henry Street\nPort of Spain\n623-2112 (Tel)\nArima\n667-3256 (Tel)\nChaguanas\n665-5293 (Tel)\nFyzabad\n677-7795 (Tel)\nMt. Hope\n674-6541 (Tel)\nPrinces Town\n655-2263 (Tel)\nPoint Fortin\n648-2230 (Tel)\nSan Fernando\n652-4101 (Tel)\nSangre Grande\n668-2642 (Tel)\nMilford Road\nTobago\n639-5158 (Tel)\nMain Street\nTobago\n639-6868 (Tel)\nWestern Main Road\nSt. James\n622-1564 (Tel)\nCourts (Trinidad) Ltd.",
      "phone": [
        "674-5408"
      ],
      "address": "Don Miguel Road & Churchill Roosevelt Highway\nSan Juan\n674-5408 (Tel)"
    },
    {
      "name": "Ridgewood Plaza",
      "type": "department_store",
      "email": [
        "dahatntltd@gmail.com",
        "hdbalraj@tstt.net.tt"
      ],
      "extra_info": "Arima\n667-2173 (Tel)\nMain Road\nChaguanas\n671-2793 (Tel)\n135 Southern Main Road\nCouva\n636-2876 (Tel)\nSouthern Main Road\nMarabella\n658-5855 (Tel)\nSS Erin Road\nPenal\n647-3428 (Tel)\n1 Chacon Street\nPort of Spain\n623-6062 (Tel)\nHenry Street\nPort of Spain\n627-5878 (Tel)\n50 Main Road\nPoint Fortin\n648-1638 (Tel)\nHigh Street & Railway Road\nPrinces Town\n655-2476 (Tel)\nHigh Street\nRio Claro\n644-0151 (Tel)\n25 - 31 High Street\nSan Fernando\n652-3217 (Tel)\nReal & Saddle Roads\nSan Juan\n674-0280 (Tel)\n10 Eastern Main Road\nSangre Grande\n668-3847 (Tel)\nHigh & Daisy Voisin Streets\nSiparia\n649-2568 (Tel)\nWestern Main Road\nSt. James\n622-0021 (Tel)\nPiggott Stree\nScarborough, Tobago\n639-4311 (Tel)\n63 Eastern Main Road\nTunapuna\n645-2174 (Tel)\nCroissee\nBargain Center\n674-8642 (Tel)\nThe Unicomer Freeport Campus\nSolomon Hochoy Highway\nCalcutta Settlement Road No 1\nFreeport\nDaha Office Supplies\nemail #1: Daha Office Supplies\nemail #2: Daha Office Supplies",
      "phone": [
        "675-8186",
        "675-6945"
      ],
      "address": "74 Boundary Extension Road\nAranguez\n675-8186 (Tel)\n675-6945 (Fax)"
    },
    {
      "name": "The Galleria at Wrightson Road",
      "type": "department_store",
      "extra_info": "35B Wrightson Road\nPort of Spain\n228-7779 (Tel)\nExcellent Stores Ltd.",
      "phone": [
        "225-1010"
      ],
      "address": "C3 Centre\nCorinth Road\nSan Fernando\n225-1010 (Tel)"
    },
    {
      "name": "Movietowne Mall",
      "type": "department_store",
      "extra_info": "Audrey Jeffers Highway\nPort of Spain\n225-3788 (Tel)\nBrentwood Mall\n#200 South Brentwood Avenue\nBrentwood, Chaguanas\n225-3788 (Tel)\nChaguanas Distribution Centre - Pickup of Online Orders Only\n26-28 Gaston Street\nLange Park Industrial Estate, Chaguanas\n225-3788 (Tel)\nF H S United trading Co. Ltd.",
      "phone": [
        "625-5438"
      ],
      "address": "12 Charlotte Street\nPort of Spain\n625-5438 (Tel)"
    },
    {
      "name": "Kirpalani Sanjay",
      "type": "department_store",
      "phone": [
        "652-8668"
      ],
      "address": "13 Mucurapo Street\nSan Fernando\n652-8668 (Tel)"
    },
    {
      "name": "Kipsons",
      "type": "department_store",
      "phone": [
        "623-4325"
      ],
      "address": "18 Frederick Street\nPort of Spain\n623-4325 (Tel)"
    },
    {
      "name": "Mohan Trading Co. Ltd.",
      "type": "department_store",
      "phone": [
        "640-0907"
      ],
      "address": "Trincity Mall\nTrinicity\n640-0907 (Tel)"
    },
    {
      "name": "Nandial & Sons. Ltd.",
      "type": "department_store",
      "phone": [
        "652-4150"
      ],
      "address": "66 High Street\nSan Fernando\n652-4150 (Tel)"
    },
    {
      "name": "Railway & High Streets",
      "type": "department_store",
      "extra_info": "Princes Town\n655-2815 (Tel)\nRamesh & Sons Furniture & Appliance Centre",
      "phone": [
        "232-5170",
        "394-7283"
      ],
      "address": "LP 99 Calcutta Road\nFreeport, Couva\n232-5170 (Tel)\n394-7283 (Whatsapp)"
    },
    {
      "name": "Shivam's Premium Variety Store Ltd.",
      "type": "department_store",
      "phone": [
        "764-1519"
      ],
      "address": "#4 Mucurapo Street\nSan Fernando\n764-1519 (Tel)"
    },
    {
      "name": "37 Eastern Main Road",
      "type": "department_store",
      "extra_info": "Tunapuna\n645-2711 (Tel)\n57B Upper Level\nLa Romain\n653-3317 (Tel)\n34 Burneett Street\nScarborough, Tobago\n660-7362 (Tel)\nSMG Hardware (Samaroo's Materials and General Ltd.)",
      "phone": [
        "346-7223"
      ],
      "address": "#1061 S.S Erin Road\nPalo Seco\n346-7223 (Tel)"
    },
    {
      "name": "Central",
      "type": "department_store",
      "email": [
        "curbside2@thehomestorett.com",
        "curbside3@thehomestorett.com"
      ],
      "extra_info": "Pennywise Plaza\nNarsaloo Ramaya Marg Road\nEndeavour, Chaguanas\n276-8709 (Tel/Whatsapp)\nemail: Chaguanas Location\nSouth\nC3 Center, 31 Corinth Road\nSan Fernando\n276-8587 (Tel/Whatsapp)\nemail: San Fernando Location\nWest\nThe Falls at Westmall\nWestern Main Road\nWestmoorings\n354-7017 (Tel/Whatsapp)\nEast\nEast Gates Mall\nTrincity Central Road\nTrincity\nAll Branches - 638-7733 (Tel)\nYoung Generations",
      "phone": [
        "640-2086"
      ],
      "address": "Trinicity Mall\nTrinicity\n640-2086 (Tel)"
    },
    {
      "name": "100 Below",
      "type": "department_store",
      "locations": [
        {
          "phone": [
            "382-8154"
          ],
          "address": "South Haven Shopping Centre\n1124 S.S. Erin Road\nDebe\n382-8154 (Tel)"
        }
      ]
    },
    {
      "name": "American Stores Ltd. The",
      "type": "department_store",
      "locations": [
        {
          "phone": [
            "624-7732"
          ],
          "address": "2-6 Duncan Street\nPort of Spain\n624-7732 (Tel)"
        }
      ]
    },
    {
      "name": "Courts (Trinidad) Ltd.",
      "type": "department_store",
      "locations": [
        {
          "phone": [
            "674-5408"
          ],
          "address": "Don Miguel Road & Churchill Roosevelt Highway\nSan Juan\n674-5408 (Tel)"
        }
      ]
    },
    {
      "name": "Dwellings Trinidad",
      "type": "department_store",
      "locations": [
        {
          "phone": [
            "225-1620"
          ],
          "address": "Heartland Plaza\n#12 Narsaloo Road\nChaguanas\n225-1620 (Tel)"
        }
      ]
    },
    {
      "name": "Excellent Stores Ltd.",
      "type": "department_store",
      "locations": [
        {
          "phone": [
            "225-1010"
          ],
          "address": "C3 Centre\nCorinth Road\nSan Fernando\n225-1010 (Tel)"
        }
      ]
    },
    {
      "name": "Nevico Company Ltd.",
      "type": "department_store",
      "locations": [
        {
          "phone": [
            "667-6810"
          ],
          "address": "Queen & Green Streets\nArima\n667-6810 (Tel)"
        }
      ]
    },
    {
      "name": "Super Ten Ltd.",
      "type": "department_store",
      "locations": [
        {
          "phone": [
            "652-7117"
          ],
          "address": "18 - 24 Riverside Drive\nSan Fernando\n652-7117 (Tel)"
        }
      ]
    },
    {
      "name": "The Home Store Ltd.",
      "type": "department_store",
      "locations": [
        {
          "email": [
            "curbside1@thehomestorett.com"
          ],
          "phone": [
            "276-8872"
          ],
          "address": "North\n2, Sixth Avenue\nBarataria\n276-8872 (Tel/Whatsapp)"
        }
      ]
    }
  ]
}